{
    "ambientocclusion": false,
    "textures": {
        "bottom": "blocks/door_birch_lower",
        "top": "blocks/door_birch_upper",
        "particle": "blocks/door_birch_upper"
    },
    "elements": [
        {   "from": [ 0, 0, 0 ],
            "to": [ 3, 16, 3 ],
            "faces": {
                "up":    { "uv": [ 13, 16, 16,13 ], "texture": "#bottom" },
                "north": { "uv": [  3, 0,  0, 16 ], "texture": "#top" },
                "south": { "uv": [  2, 0,  3, 16 ], "texture": "#top" },
                "west":  { "uv": [  16, 0, 13, 16 ], "texture": "#top" },
                "east":  { "uv": [  13, 0, 16, 16 ], "texture": "#top" }
            }
        },
        {   "from": [ 0, 0, 13 ],
            "to": [ 3, 16, 16 ],
            "faces": {
                "up":    { "uv": [ 13, 0, 16, 3 ], "texture": "#bottom" },
                "north": { "uv": [ 13, 0, 14, 16 ], "texture": "#top" },
                "south": { "uv": [  0, 0,  3, 16 ], "texture": "#top" },
                "west":  { "uv": [ 3, 0, 0, 16 ], "texture": "#top" },
                "east":  { "uv": [ 0, 0, 3, 16 ], "texture": "#top" }
            }
        },
        {   "from": [ 0, 13, 3 ],
            "to": [ 3, 16, 13 ],
            "faces": {
                "up":    { "uv": [ 13, 13, 16, 3 ], "texture": "#bottom" },
                "down":  { "uv": [  3, 2, 13,  3 ], "texture": "#top", "rotation": 90 },
                "west":  { "uv": [ 13, 0,  3,  3 ], "texture": "#top" },
                "east":  { "uv": [  3, 0, 13,  3 ], "texture": "#top" }
            }
        },
        {   "from": [ 1, 0, 3 ],
            "to": [ 2, 13, 13 ],
            "faces": {
                "west":  { "uv": [ 13, 3,  3, 16 ], "texture": "#top" },
                "east":  { "uv": [  3, 3, 13, 16 ], "texture": "#top" }
            }
        }
    ]
}

