{
    "ambientocclusion": false,
    "textures": {
        "bottom": "blocks/door_birch_lower",
        "top": "blocks/door_birch_upper",
        "particle": "blocks/door_birch_lower"
    },
    "elements": [
        {   "from": [ 0, 0, 0 ],
            "to": [ 3, 16, 3 ],
            "faces": {
                "down":  { "uv": [ 13, 13, 16, 16 ], "texture": "#bottom" },
                "north": { "uv": [  3, 0,  0, 16 ], "texture": "#bottom" },
                "south": { "uv": [  2, 0,  3, 16 ], "texture": "#bottom" },
                "west":  { "uv": [  0, 0,  3, 16 ], "texture": "#bottom" },
                "east":  { "uv": [  3, 0,  0, 16 ], "texture": "#bottom" }
            }
        },
        {   "from": [ 0, 0, 13 ],
            "to": [ 3, 16, 16 ],
            "faces": {
                "down":  { "uv": [ 13, 0, 16,  3 ], "texture": "#bottom" },
                "north": { "uv": [ 13, 0, 14, 16 ], "texture": "#bottom" },
                "south": { "uv": [  0, 0,  3, 16 ], "texture": "#bottom" },
                "west":  { "uv": [ 13, 0, 16, 16 ], "texture": "#bottom" },
                "east":  { "uv": [ 16, 0, 13, 16 ], "texture": "#bottom" }
            }
        },
        {   "from": [ 0, 0, 3 ],
            "to": [ 3, 12, 13 ],
            "faces": {
                "down":  { "uv": [ 13, 3, 16, 13 ], "texture": "#bottom" },
                "up":    { "uv": [  3, 4, 13,  5 ], "texture": "#bottom", "rotation": 90 },
                "west":  { "uv": [  3, 4, 13, 16 ], "texture": "#bottom" },
                "east":  { "uv": [ 13, 4,  3, 16 ], "texture": "#bottom" }
            }
        },
        {   "from": [ 1, 12, 3 ],
            "to": [ 2, 16, 13 ],
            "faces": {
                "west":  { "uv": [  3, 0, 13, 4 ], "texture": "#bottom" },
                "east":  { "uv": [ 13, 0,  3, 4 ], "texture": "#bottom" }
            }
        }
    ]
}
