{
    "ambientocclusion": false,
    "textures": {
        "bottom": "blocks/door_iron_lower",
        "top": "blocks/door_iron_upper",
        "particle": "blocks/door_iron_upper"
    },
    "elements": [
        {   "from": [ 0, 0, 0 ],
            "to": [ 3, 5, 16 ],
            "faces": {
                "up":    { "uv": [ 12, 16, 15, 0 ], "texture": "#bottom" },
                "north": { "uv": [  3, 11,  0, 16 ], "texture": "#top" },
                "south": { "uv": [  0, 11,  3, 16 ], "texture": "#top" },
                "west":  { "uv": [  0, 11, 16, 16 ], "texture": "#top" },
                "east":  { "uv": [ 16, 11,  0, 16 ], "texture": "#top" }
            }
        },
        {   "from": [ 0, 13, 0 ],
            "to": [ 3, 16, 16 ],
            "faces": {
                "down":  { "uv": [ 12, 0, 15, 16 ], "texture": "#bottom" },
                "up":    { "uv": [ 13, 16, 16, 0 ], "texture": "#bottom" },
                "north": { "uv": [  3, 0,  0, 3 ], "texture": "#top" },
                "south": { "uv": [  0, 0,  3, 3 ], "texture": "#top" },
                "west":  { "uv": [  0, 0, 16, 3 ], "texture": "#top" },
                "east":  { "uv": [ 16, 0,  0, 3 ], "texture": "#top" }
            }
        },
        {   "from": [ 0, 5, 7 ],
            "to": [ 3, 13, 9 ],
            "faces": {
                "north": { "uv": [ 16, 13, 13, 5 ], "texture": "#top" },
                "south": { "uv": [ 13, 13, 16, 5 ], "texture": "#top" },
                "west":  { "uv": [ 7, 3, 9, 11 ], "texture": "#top" },
                "east":  { "uv": [ 9, 3, 7, 11 ], "texture": "#top" }
            }
        },
        {   "from": [ 0, 5, 0 ],
            "to": [ 3, 13, 3 ],
            "faces": {
                "north": { "uv": [  3, 3, 0, 11 ], "texture": "#top" },
                "south": { "uv": [ 13, 13, 16, 5 ], "texture": "#top" },
                "west":  { "uv": [ 0, 3, 3, 11 ], "texture": "#top" },
                "east":  { "uv": [ 3, 3, 0, 11 ], "texture": "#top" }
            }
        },
        {   "from": [ 0, 5, 13 ],
            "to": [ 3, 13, 16 ],
            "faces": {
                "north": { "uv": [ 13, 3, 16, 11 ], "texture": "#top" },
                "south": { "uv": [ 3, 3, 0, 11 ], "texture": "#top" },
                "west":  { "uv": [ 13, 3, 16, 11 ], "texture": "#top" },
                "east":  { "uv": [ 16, 3, 13, 11 ], "texture": "#top" }
            }
        },
        {   "from": [ 0, 8, 3 ],
            "to": [ 3, 10, 13 ],
            "faces": {
                "down":  { "uv": [ 12, 3, 15, 13 ], "texture": "#bottom" },
                "up":    { "uv": [ 12, 13, 15, 3 ], "texture": "#bottom" },
                "west":  { "uv": [  3, 6, 13, 8 ], "texture": "#top" },
                "east":  { "uv": [ 13, 6,  3, 8 ], "texture": "#top" }
            }
        }
    ]
}

