{
    "ambientocclusion": false,
    "textures": {
        "bottom": "blocks/door_iron_lower",
        "top": "blocks/door_iron_upper",
        "particle": "blocks/door_iron_upper"
    },
    "elements": [
        {   "from": [ 0, 0, 0 ],
            "to": [ 3, 16, 16 ],
            "faces": {
                "down":  { "uv": [ 13, 0, 16, 16 ], "texture": "#bottom" },
                "north": { "uv": [  3, 0,  0, 16 ], "texture": "#bottom" },
                "south": { "uv": [  0, 0,  3, 16 ], "texture": "#bottom" },
                "west":  { "uv": [ 16, 0,  0, 16 ], "texture": "#bottom" },
                "east":  { "uv": [  0, 0, 16, 16 ], "texture": "#bottom" }
            }
        }
    ]
}
